<?xml version="1.0" encoding="UTF-8"?><?mso-infoPathSolution solutionVersion="1.0.0.6" PIVersion="1.0.0.0" href="file:///D:\教学\软件项目实践\网站\公开\教学资源\文档模板\《评审报告》模板.xsn" name="urn:schemas-microsoft-com:office:infopath:-4QU--Qo:" language="zh-cn" productVersion="12.0.0" ?><?mso-application progid="InfoPath.Document"?><评审报告 xmlns:xsi="http://www.w3.org/2001/XMLSchema-instance" xmlns:xhtml="http://www.w3.org/1999/xhtml" xmlns:xd="http://schemas.microsoft.com/office/infopath/2003">
	<首部 项目名称="学术会议管理系统" 项目标识="定期" version="1.0">
		<状态与版本信息>
			<文件状态>正式发布</文件状态>
			<文件标识>05152Godlike</文件标识>
			<当前版本>v1.0</当前版本>
			<作者>
				<姓名>杨波</姓名>
				<学号>0515238</学号>
				<团队>Godlike</团队>
			</作者>
			<完成日期>2008-10-22</完成日期>
			<版本更新信息>2008-10-22-v1.0</版本更新信息>
		</状态与版本信息>
	</首部>
	<标题>学术会议管理系统定期评审报告</标题>
	<组织名称>北京GODLIKE股份有限公司GODLIKE团队</组织名称>
	<评审种类>
		<定期评审>1</定期评审>
	</评审种类>
	<主持人>杨波</主持人>
	<参加人><div xmlns="http://www.w3.org/1999/xhtml">参加人员：杨波，裴冬东，杨玉磊，郭海峰，金尚雄，于洋，石坡，钟诚，李健，王晨，王东亮。</div>
<div xmlns="http://www.w3.org/1999/xhtml">会议记录：王晨。</div></参加人>
	<地点>教2-403</地点>
	<日期>2008-10-22</日期>
	<提交内容><div xmlns="http://www.w3.org/1999/xhtml">1、需求分析报告</div>
<div xmlns="http://www.w3.org/1999/xhtml">2、测试计划草案</div>
<div xmlns="http://www.w3.org/1999/xhtml">3、用户手册草案</div>
<div xmlns="http://www.w3.org/1999/xhtml">4、测试计划草案评审报告</div>
<div xmlns="http://www.w3.org/1999/xhtml">5、用户手册草案评审报告</div></提交内容>
	<评审项与结论>
		<要素>需求分析评审确认</要素>
		<评审结果><div xmlns="http://www.w3.org/1999/xhtml">1、需求分析不完整，太过于简洁，没有把系统的基本功能和数据结构写出来。</div>
<div xmlns="http://www.w3.org/1999/xhtml">2、测试计划草案中的功能点测试部分还不完善，在发表正式版前 还得进一步完善。</div>
<div xmlns="http://www.w3.org/1999/xhtml">3、受需求分析不完整的影响，测试和用户手册草案不完整。</div></评审结果>
		<问题和对策><div xmlns="http://www.w3.org/1999/xhtml">1、由于需求分析还未最终确定，这给测试计划和用户是手册的编写带来障碍；因此，要把需求分析报告的最终确立最为最优先对待。</div>
<div xmlns="http://www.w3.org/1999/xhtml">2、采取同步进行的方式将各个文档的总体结构架设出来，为下一步的计划做准备。</div></问题和对策>
	</评审项与结论>
	<总结>软件开发过程中出现的问题要迅速解决，不能留下后遗症，比如这次的需求分析没有定期完成，后续工作就不能继续顺利进行。在今后的开发中，项目经理要督促大家的工作进度，按期完成各自的工作。</总结>
	<签字>杨波</签字>
	<附件>
		<其他材料>参看《需求分析》《测试计划草案》《用户手册草案》》《测试计划草案评审报告》《用户手册草案评审报告》 </其他材料>
		<评审记录>王晨负责会议记录</评审记录>
	</附件>
</评审报告>